matricule,nom,prenom,filiere,niveau,groupe,email
ESI250001,BOUKHARI,Bilal,Ingénieur d'état en Informatique,1CP,1CP-G1,b.boukhari@esi-sba.dz
ESI250002,MOKHTAR,Kahina,Ingénieur d'état en Informatique,1CP,1CP-G2,k.mokhtar@esi-sba.dz
ESI250003,MOKHTAR,Samira,Ingénieur d'état en Informatique,1CP,1CP-G3,s.mokhtar@esi-sba.dz
ESI250004,KHELIFI,Omar,Ingénieur d'état en Informatique,1CP,1CP-G4,o.khelifi@esi-sba.dz
ESI250005,MEZIANE,Abdellah,Ingénieur d'état en Informatique,1CP,1CP-G5,a.meziane@esi-sba.dz
ESI250006,FEDAOUI,Mehdi,Ingénieur d'état en Informatique,1CP,1CP-G6,m.fedaoui@esi-sba.dz
ESI250007,TLEMCANI,Bilal,Ingénieur d'état en Informatique,1CP,1CP-G7,b.tlemcani@esi-sba.dz
ESI250008,NAIMI,Anis,Ingénieur d'état en Informatique,1CP,1CP-G8,a.naimi@esi-sba.dz
ESI250009,MOKHTAR,Hanane,Ingénieur d'état en Informatique,1CP,1CP-G1,h.mokhtar@esi-sba.dz
ESI250010,HAMIDOU,Amine,Ingénieur d'état en Informatique,1CP,1CP-G2,a.hamidou@esi-sba.dz
ESI250011,KHALDI,Fatima,Ingénieur d'état en Informatique,1CP,1CP-G3,f.khaldi@esi-sba.dz
ESI250012,MERABET,Sihem,Ingénieur d'état en Informatique,1CP,1CP-G4,s.merabet@esi-sba.dz
ESI250013,REZIG,Bilal,Ingénieur d'état en Informatique,1CP,1CP-G5,b.rezig@esi-sba.dz
ESI250014,SAOUDI,Mehdi,Ingénieur d'état en Informatique,1CP,1CP-G6,m.saoudi@esi-sba.dz
ESI250015,ZIANI,Hanane,Ingénieur d'état en Informatique,1CP,1CP-G7,h.ziani@esi-sba.dz
ESI250016,BOUKHARI,Rachid,Ingénieur d'état en Informatique,1CP,1CP-G8,r.boukhari@esi-sba.dz
ESI250017,BOUKHARI,Walid,Ingénieur d'état en Informatique,1CP,1CP-G1,w.boukhari@esi-sba.dz
ESI250018,BELKACEMI,Fatima,Ingénieur d'état en Informatique,1CP,1CP-G2,f.belkacemi@esi-sba.dz
ESI250019,MERABET,Adel,Ingénieur d'état en Informatique,1CP,1CP-G3,a.merabet@esi-sba.dz
ESI250020,BENALI,Romaissa,Ingénieur d'état en Informatique,1CP,1CP-G4,r.benali@esi-sba.dz
ESI240001,HADDAD,Kahina,Ingénieur d'état en Informatique,2CP,2CP-G1,k.haddad@esi-sba.dz
ESI240002,HADDAD,Wissem,Ingénieur d'état en Informatique,2CP,2CP-G2,w.haddad@esi-sba.dz
ESI240003,BOUZIDI,Sofiane,Ingénieur d'état en Informatique,2CP,2CP-G3,s.bouzidi@esi-sba.dz
ESI240004,LARBI,Omar,Ingénieur d'état en Informatique,2CP,2CP-G4,o.larbi@esi-sba.dz
ESI240005,TLEMCANI,Hanane,Ingénieur d'état en Informatique,2CP,2CP-G5,h.tlemcani@esi-sba.dz
ESI240006,SALHI,Adel,Ingénieur d'état en Informatique,2CP,2CP-G6,a.salhi@esi-sba.dz
ESI240007,FERHAT,Kahina,Ingénieur d'état en Informatique,2CP,2CP-G7,k.ferhat@esi-sba.dz
ESI240008,IBRIR,Meriem,Ingénieur d'état en Informatique,2CP,2CP-G8,m.ibrir@esi-sba.dz
ESI240009,KACI,Rania,Ingénieur d'état en Informatique,2CP,2CP-G1,r.kaci@esi-sba.dz
ESI240010,YAHIAOUI,Zakaria,Ingénieur d'état en Informatique,2CP,2CP-G2,z.yahiaoui@esi-sba.dz
ESI240011,GUESSOUM,Yasmine,Ingénieur d'état en Informatique,2CP,2CP-G3,y.guessoum@esi-sba.dz
ESI240012,DERBALI,Tarek,Ingénieur d'état en Informatique,2CP,2CP-G4,t.derbali@esi-sba.dz
ESI240013,NAIMI,Samira,Ingénieur d'état en Informatique,2CP,2CP-G5,s.naimi@esi-sba.dz
ESI240014,FEDAOUI,Amine,Ingénieur d'état en Informatique,2CP,2CP-G6,a.fedaoui@esi-sba.dz
ESI240015,MOKHTAR,Mehdi,Ingénieur d'état en Informatique,2CP,2CP-G7,m.mokhtar@esi-sba.dz
ESI240016,DAHMANI,Amira,Ingénieur d'état en Informatique,2CP,2CP-G8,a.dahmani@esi-sba.dz
ESI240017,MADANI,Amine,Ingénieur d'état en Informatique,2CP,2CP-G1,a.madani@esi-sba.dz
ESI240018,NACER,Chaima,Ingénieur d'état en Informatique,2CP,2CP-G2,c.nacer@esi-sba.dz
ESI240019,OUALI,Hamza,Ingénieur d'état en Informatique,2CP,2CP-G3,h.ouali@esi-sba.dz
ESI240020,KACI,Fares,Ingénieur d'état en Informatique,2CP,2CP-G4,f.kaci@esi-sba.dz
ESI230001,TOUATI,Hanane,Ingénieur d'état en Informatique,1CS,1CS-G1,h.touati@esi-sba.dz
ESI230002,MERABET,Houria,Ingénieur d'état en Informatique,1CS,1CS-G2,h.merabet@esi-sba.dz
ESI230003,YAHIAOUI,Adel,Ingénieur d'état en Informatique,1CS,1CS-G3,a.yahiaoui@esi-sba.dz
ESI230004,LAHCEN,Soumia,Ingénieur d'état en Informatique,1CS,1CS-G4,s.lahcen@esi-sba.dz
ESI230005,SAOUDI,Wissem,Ingénieur d'état en Informatique,1CS,1CS-G5,w.saoudi@esi-sba.dz
ESI230006,LEMKEDDEM,Ibrahim,Ingénieur d'état en Informatique,1CS,1CS-G6,i.lemkeddem@esi-sba.dz
ESI230007,ZIANI,Adel,Ingénieur d'état en Informatique,1CS,1CS-G1,a.ziani@esi-sba.dz
ESI230008,MADANI,Nesrine,Ingénieur d'état en Informatique,1CS,1CS-G2,n.madani@esi-sba.dz
ESI230009,KHELIFI,Imane,Ingénieur d'état en Informatique,1CS,1CS-G3,i.khelifi@esi-sba.dz
ESI230010,BOUZIDI,Nesrine,Ingénieur d'état en Informatique,1CS,1CS-G4,n.bouzidi@esi-sba.dz
ESI230011,BELKACEMI,Bilal,Ingénieur d'état en Informatique,1CS,1CS-G5,b.belkacemi@esi-sba.dz
ESI230012,JABI,Ibrahim,Ingénieur d'état en Informatique,1CS,1CS-G6,i.jabi@esi-sba.dz
ESI230013,RAMDANE,Nassim,Ingénieur d'état en Informatique,1CS,1CS-G1,n.ramdane@esi-sba.dz
ESI230014,HADDAD,Mehdi,Ingénieur d'état en Informatique,1CS,1CS-G2,m.haddad@esi-sba.dz
ESI230015,KHELIFI,Karima,Ingénieur d'état en Informatique,1CS,1CS-G3,k.khelifi@esi-sba.dz
ESI230016,BELKACEMI,Soumia,Ingénieur d'état en Informatique,1CS,1CS-G4,s.belkacemi@esi-sba.dz
ESI220001,LOUNIS,Rachid,Ingénieur d'état en Informatique,2CS,2CS-G1,r.lounis@esi-sba.dz
ESI220002,JABI,Oumaima,Ingénieur d'état en Informatique,2CS,2CS-G2,o.jabi@esi-sba.dz
ESI220003,OUALI,Fatima,Ingénieur d'état en Informatique,2CS,2CS-G3,f.ouali@esi-sba.dz
ESI220004,CHERIF,Yacine,Ingénieur d'état en Informatique,2CS,2CS-G4,y.cherif@esi-sba.dz
ESI220005,GUERFI,Adel,Ingénieur d'état en Informatique,2CS,2CS-G1,a.guerfi@esi-sba.dz
ESI220006,FERHAT,Sihem,Ingénieur d'état en Informatique,2CS,2CS-G2,s.ferhat@esi-sba.dz
ESI220007,GHEZAL,Nadia,Ingénieur d'état en Informatique,2CS,2CS-G3,n.ghezal@esi-sba.dz
ESI220008,ZERROUK,Meriem,Ingénieur d'état en Informatique,2CS,2CS-G4,m.zerrouk@esi-sba.dz
ESI220009,SAOUDI,Sofiane,Ingénieur d'état en Informatique,2CS,2CS-G1,s.saoudi@esi-sba.dz
ESI220010,FEDAOUI,Nassim,Ingénieur d'état en Informatique,2CS,2CS-G2,n.fedaoui@esi-sba.dz
ESI220011,BOUKHARI,Nassim,Ingénieur d'état en Informatique,2CS,2CS-G3,n.boukhari@esi-sba.dz
ESI220012,BERKANE,Rania,Ingénieur d'état en Informatique,2CS,2CS-G4,r.berkane@esi-sba.dz
ESI210001,ELLOUMI,Nassim,Ingénieur d'état en Informatique,3CS,3CS-G1,n.elloumi@esi-sba.dz
ESI210002,SEBAA,Naila,Ingénieur d'état en Informatique,3CS,3CS-G2,n.sebaa@esi-sba.dz
ESI210003,SLIMANI,Yacine,Ingénieur d'état en Informatique,3CS,3CS-G1,y.slimani@esi-sba.dz
ESI210004,BENSALEM,Tarek,Ingénieur d'état en Informatique,3CS,3CS-G2,t.bensalem@esi-sba.dz
ESI210005,MEBARKI,Naila,Ingénieur d'état en Informatique,3CS,3CS-G1,n.mebarki@esi-sba.dz
ESI210006,BENALI,Oumaima,Ingénieur d'état en Informatique,3CS,3CS-G2,o.benali@esi-sba.dz
ESI210007,BERKANE,Wissem,Ingénieur d'état en Informatique,3CS,3CS-G1,w.berkane@esi-sba.dz
ESI210008,KACI,Mourad,Ingénieur d'état en Informatique,3CS,3CS-G2,m.kaci@esi-sba.dz
